BUY THIS:,,,,
2.99,Intel i7-3630QM 2630QM 2620M i5-2520M i3-2310M 620M 4200M 520M,https://www.kijiji.ca/v-computer-components/city-of-toronto/intel-i7-3630qm-2630qm-2620m-i5-2520m-i3-2310m-620m-4200m-520m/1244395590,"Intel genuine mobile laptop notebook CPU processors. i3 dual core 370M 380M, $2.99. i5 dual core ",Mon Mar 06 2017 00:29:06 GMT-0500 (Eastern Standard Time)
4.95,i7-6770 4790 3770 2600 860 i5-6500 3470 2400 i3-4130 3220 2120,https://www.kijiji.ca/v-computer-components/markham-york-region/i7-6770-4790-3770-2600-860-i5-6500-3470-2400-i3-4130-3220-2120/1244395525,"Genuine Intel CPU processors. 530, 2120, 3240, 670, 760, 2400S, 2500, 2600K, 3330, 3470, 3550, ",Mon Mar 06 2017 00:28:12 GMT-0500 (Eastern Standard Time)
9.99,"Computer components (CPU i5-2500, 16GB RAM, Corsair Case)",https://www.kijiji.ca/v-desktop-computers/mississauga-peel-region/computer-components-cpu-i5-2500-16gb-ram-corsair-case/1543578277,Pc parts for sale: DDR3 1333 RAM 16GB (4x4GB) Mushkin Silverline PC3-10666 9-9-9-24 1.5V - $70 CPU ,Tue Dec 29 2020 20:20:29 GMT-0500 (Eastern Standard Time)
10,Stock Intel Cooler,https://www.kijiji.ca/v-computer-components/city-of-toronto/stock-intel-cooler/1539771986,"Originally the cooler was used with I3-4170, then it worked fine with I5-4590, but then it couldnâ€™t ",Sun Dec 06 2020 01:50:20 GMT-0500 (Eastern Standard Time)
20,Intel Genuine CPU Cooler for LGA1200 - $20,https://www.kijiji.ca/v-computer-components/city-of-toronto/intel-genuine-cpu-cooler-for-lga1200-20/1545189935,"Standard factory CPU Cooler for Intel 10th generation CPU, i5 - 10400. Brand new, never open. Price ",Sat Jan 09 2021 09:54:32 GMT-0500 (Eastern Standard Time)
25,Intel i5 2450M,https://www.kijiji.ca/v-computer-components/mississauga-peel-region/intel-i5-2450m/1479823662,Hi for sale Intel i5 2450M 100% working ,Sun Dec 29 2019 21:05:15 GMT-0500 (Eastern Standard Time)
32,Intel OEM i5-6500 fan+heat sink only,https://www.kijiji.ca/v-computer-components/city-of-toronto/intel-oem-i5-6500-fan-heat-sink-only/1509921901,"CPU FAN+SINK ONLY.NO CPUs Open box, Like New, untouched, for pickup and cash only.",Thu Jul 02 2020 17:20:44 GMT-0400 (Eastern Daylight Time)
35,Intel i5 3470s,https://www.kijiji.ca/v-computer-components/city-of-toronto/intel-i5-3470s/1544674059,4 core 4 threads.,Tue Jan 05 2021 20:19:11 GMT-0500 (Eastern Standard Time)
45,USED Intel i5 4460 CPU for $45 OBO,https://www.kijiji.ca/v-computer-components/city-of-toronto/used-intel-i5-4460-cpu-for-45-obo/1542709835,"Selling used Intel i5 4460 CPU clocked at 3.4 ghz. Used in 2013 build, water-cooled since 2015. $45 ",Wed Dec 23 2020 12:02:48 GMT-0500 (Eastern Standard Time)
90,Intel Core i5-4690k Processor CPU,https://www.kijiji.ca/v-computer-components/city-of-toronto/intel-core-i5-4690k-processor-cpu/1542209800,"Just upgraded to a new 10th gen so finally getting ride of this beast, I've been running all recent ",Sun Dec 20 2020 09:08:13 GMT-0500 (Eastern Standard Time)
100,"Mini ITX Case, Pico Power Supply & AC Adapter",https://www.kijiji.ca/v-computer-components/city-of-toronto/mini-itx-case-pico-power-supply-ac-adapter/1537724125,I have a MiniITX Case w/PowerSupply and AC Adapter. Was used for a Core i5-8400 system. $150 after ,Tue Nov 24 2020 21:39:10 GMT-0500 (Eastern Standard Time)
120,Intel i5-7400 7th generation,https://www.kijiji.ca/v-desktop-computers/markham-york-region/intel-i5-7400-7th-generation/1528530900,Intel i5-7400 7th generation,Thu Oct 08 2020 00:24:04 GMT-0400 (Eastern Daylight Time)
130,Intel I5-7400 @ 3.00Ghz,https://www.kijiji.ca/v-computer-components/city-of-toronto/intel-i5-7400-3-00ghz/1535801708,Fully functional i5-7400. Includes stock intel cooler.,Sun Nov 15 2020 02:21:30 GMT-0500 (Eastern Standard Time)
150,Intel CPU i5,https://www.kijiji.ca/v-desktop-computers/markham-york-region/intel-cpu-i5/1516152778,Intel CPU i5 7400T for $150 I5 9400f for $180 Also available Ddr4 ram SSD / M2 SSD,Tue Aug 04 2020 17:19:09 GMT-0400 (Eastern Daylight Time)
